﻿<?xml version="1.0" encoding="utf-8" ?>

<!-- The DLL files will be created in a directory named after your Project. -->
<!-- If you need to, you can put multiple projects into one config file. -->

<Projects>

	<Project Name="MyProject">

		<!--
			LocaleID: Hex code of the selected language's Locale ID, assigned by Microsoft (see the attached text files).
	
			Name: Name of the locale, for yourself, the generator doesn't use this attribute.
	
			AppTitle: The title in the application list (max 80 characters).
	
			TileText: The title on the application tile pinned to the Start screen (max 80 characters).
		-->

		<!-- Neutral name of the app, normally this should be the same as US-English. -->
	
		<Language Name="Neutral">
			<AppTitle>My Application</AppTitle>
			<TileText>Hello tile!</TileText>
		</Language>

		<!-- US English and other localized versions -->
	
		<Language Name="English (United States)" LocaleID="0409">
			<AppTitle>My App (US)</AppTitle>
			<TileText>Tile (US)</TileText>
		</Language>
	
		<Language Name="English (United Kingdom)" LocaleID="0809">
			<AppTitle>My App (UK)</AppTitle>
			<TileText>Tile (UK)</TileText>
		</Language>
	
		<Language Name="French" LocaleID="040c">
			<AppTitle>My App (FR)</AppTitle>
			<TileText>Tile (FR)</TileText>
		</Language>
	
		<Language Name="German" LocaleID="0407">
			<AppTitle>My App (DE)</AppTitle>
			<TileText>Tile (DE)</TileText>
		</Language>
	
		<Language Name="Italian" LocaleID="0410">
			<AppTitle>My App (IT)</AppTitle>
			<TileText>Tile (IT)</TileText>
		</Language>
	
		<Language Name="Spanish" LocaleID="0c0a">
			<AppTitle>My App (ES)</AppTitle>
			<TileText>Tile (ES)</TileText>
		</Language>

		<!-- Languages supported from 7.1 (add your own) -->
		
		<Language Name="Hungarian" LocaleID="040e">
			<AppTitle>My App (HU)</AppTitle>
			<TileText>Tile (HU)</TileText>
		</Language>

	</Project>

</Projects>